file_name,valence_mean,valence_sd,arousal_mean,arousal_sd,n_subjects
Alcohol 2.jpg,4.891228,1.120655,4.004289,1.273535,45
Ambulance 2.jpg,3.478261,0.896420,3.954361,0.984221,46
Animal carcass 2.jpg,3.165014,1.167966,3.640732,1.357047,46
Animal carcass 4.jpg,3.118787,1.280538,3.425804,1.231348,48
Baby 3.jpg,5.638158,0.820512,4.362817,1.366459,48
Bar 2.jpg,4.876096,1.176067,3.712841,1.116022,48
Bear 1.jpg,5.347826,1.021386,4.870964,1.235838,46
Bear 3.jpg,5.128401,0.944979,4.567251,1.124089,46
Bird 4.jpg,5.393211,0.990805,4.156115,1.148009,46
Bored face 1.jpg,3.515001,1.142081,4.047801,0.765507,46
Car 1.jpg,4.560768,1.092474,3.949911,1.078917,46
Car accident 2.jpg,2.264683,0.830408,3.734045,1.344037,46
Cat 14.jpg,5.394006,1.222603,4.685307,1.468478,48
Cat 9.jpg,5.305921,1.305178,4.075536,1.281774,48
Cemetery 1.jpg,3.541667,1.436447,4.720151,1.455667,48
Cemetery 2.jpg,4.356217,1.364036,4.154081,1.388870,46
Cheerleader 1.jpg,5.545322,0.845701,3.122076,1.071096,48
Chipmunk 3.jpg,5.743730,0.816491,4.440416,1.393245,45
Coffee 1.jpg,5.686499,0.872917,4.667938,1.257715,46
Collaboration 1.jpg,5.271294,1.042669,4.201627,1.154481,46
Cups 1.jpg,4.382151,0.714917,4.807653,1.052994,46
Dead bodies 2.jpg,1.834186,0.812109,3.956384,1.390937,48
Depressed pose 1.jpg,2.430437,0.936067,4.772066,1.269570,43
Dessert 1.jpg,4.983346,1.122204,4.464277,0.989756,46
Dessert 4.jpg,5.706019,0.782867,4.117690,1.063764,48
Dessert 6.jpg,5.622076,0.830857,4.020224,1.329273,48
Destruction 4.jpg,2.305556,0.887711,4.540814,1.233957,48
Doctor 2.jpg,3.494533,0.804503,4.023138,1.348126,46
Dog 16.jpg,5.341597,1.337110,4.424739,1.195660,46
Dog 18.jpg,5.514376,1.186955,4.579435,1.395529,48
Dog 4.jpg,6.034357,0.751433,4.302997,1.428496,48
Dog attack 2.jpg,4.409102,1.074750,3.499364,0.653045,46
Excited face 4.jpg,4.420798,1.194865,3.877193,0.759143,46
Excited face 7.jpg,2.963572,1.164702,3.644493,1.236839,48
Fence 3.jpg,4.139080,1.071611,4.731248,1.346570,46
Fence 6.jpg,3.957793,0.791811,4.450292,0.912826,46
Ferret 1.jpg,3.460283,1.449395,3.086014,0.991101,48
Fire 5.jpg,2.894737,1.161978,2.530384,0.937789,46
Fire hydrant 4.jpg,4.749756,0.871680,5.003289,1.136123,48
Flood 3.jpg,2.601831,0.979232,3.921434,1.216548,46
Flowers 6.jpg,5.787440,0.843660,4.346173,1.388768,46
Food 4.jpg,5.832846,0.806152,3.669347,1.247094,48
Garbage dump 1.jpg,2.560906,1.109247,4.516984,1.236915,47
Gargoyle 2.jpg,4.150219,1.565542,3.505604,1.145052,48
Gorrila 1.jpg,4.961734,1.125165,4.481820,1.173002,46
Grass 2.jpg,4.624635,0.898730,5.131457,1.063816,48
Grass 3.jpg,4.973319,0.879632,5.164596,1.145885,48
Graveyard 4.jpg,3.149610,1.259156,4.610746,1.331627,48
Guitar 1.jpg,5.049951,0.841127,4.515229,1.151815,48
Gun 10.jpg,3.049453,1.183365,3.756293,1.219160,46
Gun 8.jpg,3.491715,1.025006,3.660819,0.941814,48
Heart 1.jpg,4.043372,1.057503,4.620005,1.149573,48
Horse racing 1.jpg,3.891691,1.431778,3.492934,1.259345,48
Jail 3.jpg,2.904017,1.222442,4.243071,1.286457,46
Knife 2.jpg,3.696272,0.934689,3.625244,0.892578,48
Lake 10.jpg,5.413552,0.974907,5.192474,1.096181,46
Lake 11.jpg,5.241546,1.079469,4.777015,1.261635,46
Lake 14.jpg,5.884259,0.832022,4.260599,1.658817,48
Lake 6.jpg,3.997712,0.835974,4.677346,1.061428,46
Lake 7.jpg,5.728706,0.866770,5.305619,1.293805,46
Lion 2.jpg,4.230263,1.004600,3.718811,1.208669,48
Lion 3.jpg,5.153699,1.082932,4.420290,1.264525,46
Miserable pose 1.jpg,2.971014,0.930977,4.552759,1.040158,46
Monkey 4.jpg,3.666412,0.936532,4.034833,1.183736,46
Motocross 1.jpg,4.873633,0.819281,2.933766,0.966338,46
Neutral face 2.jpg,3.964404,0.772253,4.040936,0.647496,46
Neutral face 4.jpg,4.017057,0.664145,4.011818,0.733581,48
Nude man 5.jpg,5.047271,1.022899,3.434820,0.984827,48
Nude man 8.jpg,3.745868,1.242581,3.618485,1.147811,46
Nude woman 13.jpg,5.144800,1.159386,3.154589,1.100517,46
Office supplies 5.jpg,4.014864,0.546837,4.858796,1.012131,48
Parade 1.jpg,5.287058,0.857416,3.953979,1.077004,46
Pig 1.jpg,4.421053,1.138428,4.461135,0.930792,48
Pig 2.jpg,4.535932,1.568346,4.834958,1.110299,45
Pigeon 5.jpg,4.221968,0.909593,4.517925,0.871485,46
Plane crash 2.jpg,2.393397,0.889664,4.008528,1.463504,48
Pollution 1.jpg,3.068904,1.046304,4.318841,1.086939,46
Prison 1.jpg,3.987541,1.121754,4.626112,1.153506,46
Rafting 3.jpg,4.681530,0.996232,2.998660,1.112972,48
Rubber duck 1.jpg,5.570906,0.855064,3.673002,1.195992,48
Sad face 8.jpg,2.859903,1.269428,4.370455,1.053454,46
Scared cat 1.jpg,4.870858,1.288586,3.661793,1.161204,48
Scary face 2.jpg,2.738749,1.283700,3.208238,1.462122,46
Shark 8.jpg,4.244216,1.205227,3.740147,1.094343,46
Shooting 1.jpg,3.635721,1.278186,3.088938,0.924083,48
Shot 1.jpg,2.754005,1.034553,3.471396,1.034292,46
Shot 3.jpg,2.671174,0.843780,3.657773,1.412209,48
Sleepy pose 2.jpg,3.687622,1.314333,4.961623,1.065225,48
Snake 6.jpg,3.225512,1.268150,3.489522,1.210602,48
Snow 1.jpg,5.417747,0.976453,4.613527,1.393396,46
Soldiers 9.jpg,2.987695,1.134860,3.878046,1.125798,48
Street 5.jpg,4.015107,0.815868,4.348075,0.961183,48
Sunset 4.jpg,5.837841,0.798948,4.898635,1.692779,48
Thunderstorm 11.jpg,3.287281,1.169378,3.312865,1.271127,48
Thunderstorm 2.jpg,4.345283,0.954562,2.990465,1.264019,46
Wall 1.jpg,4.157895,0.482681,4.810551,1.156529,48
